{
    "accuracy": 0.6859756097560976,
    "precision": 0.6484375,
    "recall": 0.3401639344262295,
    "f1_score": 0.44623655913978494
}
